Name,Age,City,Movie,Food,Paper,Algorithm,Avenger,Team
Steve Rogers,100,New York,Gone with the wind,Eggs and Bacon,A Mathematical Theory of Communication,DFS,Falcon,São Caetano
Anthony Stark,49,New York,Interstellar,Eggs and Bacon,A Mathematical Theory of Communication,Push-Relabel Flow,Spider Man,Sao Caetano
Natasha Romanoff,35,Stalingrad,The Hunt for Red October ,Goulash,Sur la sphère vide,Dijkstra,Hawkeye,Moscow Hunters
Bruce Banner,49,New York,Interstellar,Eggs and Bacon,On the Electrodynamics of Moving Bodies,Push-Relabel Flow,Black Window,Sao Caetano
Steve Rogers,100,New York,E o Vento Levou,Eggs and Bacon,A Mathematical Theory of Communication,DFS,Falcon,Sao Caetano
Anthony Stark,49,New York,Interstellar,Eggs and Bacon,A Mathematical Theory of Communication,Push-Relabel Flow,Spider Man,Sao Caetano
Natasha Romanoff,35,Stalingrad,The Hunt for Red October ,Goulash,Sur la sphère vide,Dijkstra,Hawkeye,Moscow Hunters
Bruce Banner,49,New York,Interstellar,Eggs and Bacon,On the Electrodynamics of Moving Bodies,Push-Relabel Flow,Black Window,Sao Caetano
